NODE_0000000,
NODE_0000004,
NODE_0000002,
NODE_0000003,
NODE_0000005,
NODE_0000007,
NODE_0000008,
NODE_0000012,
NODE_0000009,
NODE_0000010,
NODE_0000011,
NODE_0000013,
NODE_0000014,
NODE_0000015,
NODE_0000016,
NODE_0000017,
NODE_0000018,
NODE_0000019,
NODE_0000020,
NODE_0000021,
NODE_0000022,
NODE_0000024,
NODE_0000025,
NODE_0000027,
NODE_0000028,
NODE_0000033,
NODE_0000034,
NODE_0000035,
NODE_0000036,
NODE_0000038,
NODE_0000037,
NODE_0000039,
NODE_0000040,
NODE_0000041,
NODE_0000042,
NODE_0000043,
NODE_0000044,
NODE_0000045,
NODE_0000046,
NODE_0000047,
NODE_0000048,
NODE_0000051,
NODE_0000050,
NODE_0000052,"N156H,K368E"
NODE_0000054,
NODE_0000055,
NODE_0000056,
NODE_0000057,
NODE_0000058,
NODE_0000059,
NODE_0000061,
NODE_0000060,
NODE_0000063,
NODE_0000062,
